Concurso;Data Sorteio;Bola1;Bola2;Bola3;Bola4;Bola5;Bola6;Bola7;Bola8;Bola9;Bola10;Bola11;Bola12;Bola13;Bola14;Bola15
3196;16/09/2024;1;2;3;4;5;7;9;12;13;17;19;20;21;22;25
3197;17/09/2024;3;4;6;9;11;12;13;15;16;18;19;20;22;24;25
3198;18/09/2024;2;3;5;6;7;8;9;10;12;14;16;20;22;24;25
3199;19/09/2024;1;2;4;8;10;11;13;14;15;20;21;22;23;24;25
3200;20/09/2024;1;2;4;5;6;8;10;12;14;16;17;19;22;23;25
3201;21/09/2024;2;4;5;6;8;10;11;13;19;20;21;22;23;24;25
3202;23/09/2024;3;4;6;8;10;11;12;14;15;17;18;19;22;23;25
3203;24/09/2024;2;3;4;5;10;11;12;15;17;18;19;20;22;24;25
3204;25/09/2024;2;3;5;6;11;12;13;16;17;18;19;20;21;22;23
3205;26/09/2024;1;3;4;7;8;10;12;13;16;17;19;21;23;24;25
3206;27/09/2024;4;5;7;9;10;13;14;15;16;19;20;21;23;24;25
3207;28/09/2024;1;2;3;4;6;8;9;11;12;13;15;17;18;20;23
3208;30/09/2024;1;6;8;9;10;12;13;14;15;16;18;19;20;22;25
3209;01/10/2024;1;2;3;4;7;9;10;11;14;15;16;17;19;20;24
3210;02/10/2024;1;3;4;7;9;10;12;16;17;18;19;20;21;24;25
3211;03/10/2024;1;2;3;5;12;13;15;16;17;18;19;21;22;23;25
3212;04/10/2024;1;4;6;7;10;12;14;15;16;18;19;21;22;23;25
3213;05/10/2024;1;2;4;7;8;9;10;11;13;16;19;20;21;22;25
3214;07/10/2024;2;3;5;7;8;10;11;13;15;18;19;22;23;24;25
3215;08/10/2024;4;5;6;7;8;10;11;13;14;15;16;17;20;22;24
3216;09/10/2024;1;3;4;6;8;9;10;11;12;13;15;16;19;20;25
3217;10/10/2024;2;3;4;5;6;8;9;10;11;16;18;21;22;24;25
3218;11/10/2024;2;3;4;5;6;8;13;15;16;17;20;21;23;24;25
3219;14/10/2024;1;8;9;10;12;13;14;16;18;19;20;22;23;24;25
3220;15/10/2024;1;3;4;6;7;9;10;11;13;15;17;18;19;20;22
3221;16/10/2024;1;2;4;5;6;8;10;11;13;15;16;20;21;23;24
3222;17/10/2024;1;2;6;7;8;9;12;15;16;18;19;20;21;23;24
3223;18/10/2024;1;3;6;7;8;9;12;13;16;18;19;20;22;23;25
3224;19/10/2024;1;2;3;5;6;8;10;14;16;17;18;20;22;23;25
3225;21/10/2024;1;2;3;4;8;11;12;15;16;17;18;20;21;22;25
3226;22/10/2024;1;2;3;4;6;8;9;11;12;14;15;18;19;20;22
3227;23/10/2024;1;4;5;6;7;8;9;12;13;14;15;17;19;20;21
3228;24/10/2024;4;5;6;7;8;9;10;11;12;16;19;20;21;23;25
3229;25/10/2024;1;4;7;8;10;11;12;13;14;17;19;20;22;23;25
3230;26/10/2024;1;3;4;5;6;9;10;11;12;13;16;19;20;21;22
3231;28/10/2024;1;2;3;4;5;6;9;16;18;19;20;22;23;24;25
3232;29/10/2024;1;4;5;6;7;9;10;12;13;14;16;17;20;22;25
3233;30/10/2024;2;3;4;5;6;7;11;14;15;16;19;20;21;23;24
3234;31/10/2024;5;6;9;10;11;12;14;16;17;18;19;21;22;23;24
3235;01/11/2024;2;3;6;7;10;11;12;15;16;17;19;20;21;22;24
3236;04/11/2024;1;9;10;11;12;13;15;16;17;18;20;22;23;24;25
3237;05/11/2024;1;2;5;6;7;9;10;11;13;16;18;20;21;23;24
3238;06/11/2024;1;4;5;9;10;11;13;14;16;17;18;20;21;22;24
3239;07/11/2024;2;3;4;7;8;9;10;11;14;15;16;17;18;22;24
3240;08/11/2024;2;3;5;8;9;11;12;13;14;15;17;18;20;22;23
3241;09/11/2024;2;4;5;7;8;10;12;13;14;16;18;22;23;24;25
3242;11/11/2024;1;2;3;5;7;10;12;15;16;17;18;20;21;23;25
3243;12/11/2024;1;5;7;8;9;10;11;12;14;17;20;22;23;24;25
3244;13/11/2024;1;2;3;4;6;7;9;10;12;14;15;16;17;19;25
3245;14/11/2024;1;3;4;5;6;9;13;15;18;19;20;21;23;24;25
3246;16/11/2024;4;6;7;8;10;14;15;16;19;20;21;22;23;24;25
3247;18/11/2024;2;6;8;10;11;12;14;15;16;18;19;21;22;23;25
3248;19/11/2024;1;3;4;5;6;8;10;11;12;14;16;18;19;20;25
3249;21/11/2024;1;3;5;6;7;8;10;11;12;13;14;16;20;21;22
3250;22/11/2024;1;2;3;4;7;8;9;10;11;12;13;14;19;22;23
3251;23/11/2024;1;2;3;6;7;8;9;10;16;17;18;19;20;21;23
3252;25/11/2024;5;8;10;11;12;14;15;16;17;18;20;21;23;24;25
3253;26/11/2024;1;3;9;11;12;13;15;17;18;19;20;21;23;24;25
3254;27/11/2024;3;4;5;6;7;8;10;11;16;17;18;19;21;22;24
3255;28/11/2024;1;2;5;6;7;8;9;10;12;16;19;20;21;24;25
3256;29/11/2024;1;2;3;6;9;10;11;13;14;15;16;18;19;21;24
3257;30/11/2024;1;2;3;5;6;8;9;10;11;13;14;16;19;22;25
3258;02/12/2024;2;3;4;5;7;9;10;11;12;13;19;20;21;23;25
3259;03/12/2024;1;3;4;6;8;9;10;11;12;14;15;18;22;23;25
3260;04/12/2024;1;2;4;6;11;14;15;16;17;18;21;22;23;24;25
3261;05/12/2024;3;4;5;6;7;8;10;11;12;14;15;16;21;24;25
3262;06/12/2024;1;3;6;7;8;9;10;12;13;14;15;18;19;20;24
3263;07/12/2024;2;4;6;8;11;13;14;15;16;17;19;20;21;22;24
3264;09/12/2024;3;4;5;6;7;9;10;11;13;14;16;20;21;23;25
3265;10/12/2024;2;3;5;6;7;8;10;13;15;16;17;19;20;23;24
3266;11/12/2024;1;3;4;5;6;9;10;11;12;13;14;16;17;20;23
3267;12/12/2024;1;3;4;5;8;10;11;13;15;18;19;20;22;23;24
3268;13/12/2024;1;2;6;7;10;11;12;14;16;17;18;20;23;24;25
3269;14/12/2024;2;4;5;7;8;10;11;12;14;16;18;19;21;23;24
3270;16/12/2024;1;2;3;5;6;9;10;12;14;16;17;18;19;22;25
3271;17/12/2024;1;4;5;7;8;9;10;11;13;15;16;18;21;23;25
3272;18/12/2024;1;2;3;6;7;8;10;13;14;15;16;18;22;23;25
3273;19/12/2024;2;4;6;7;8;10;12;15;16;17;21;22;23;24;25
3274;20/12/2024;1;2;3;4;5;7;8;11;14;16;19;20;23;24;25
3275;21/12/2024;3;4;5;6;9;10;11;13;14;15;19;20;22;23;24
3276;23/12/2024;2;4;5;7;8;9;10;13;14;15;16;19;20;22;24
3277;24/12/2024;1;3;7;8;9;10;11;13;15;16;18;20;21;24;25
3278;26/12/2024;5;6;7;8;11;12;13;17;18;19;20;21;22;24;25
3279;27/12/2024;2;4;5;7;9;10;14;17;18;19;21;22;23;24;25
3280;28/12/2024;2;4;5;8;10;11;12;14;15;17;18;20;22;24;25
3281;30/12/2024;3;5;6;8;9;11;12;13;14;16;17;21;22;23;24
3282;31/12/2024;6;7;8;9;10;11;12;16;17;18;19;21;22;24;25
3283;02/01/2025;9;10;11;13;14;15;16;17;18;19;21;22;23;24;25
3284;03/01/2025;3;4;5;6;8;14;16;17;18;19;20;21;22;24;25
3285;04/01/2025;1;3;4;6;7;9;10;11;13;14;15;17;20;23;24
3286;06/01/2025;1;4;5;6;7;8;11;13;14;18;20;21;23;24;25
3287;07/01/2025;1;2;3;4;6;11;12;13;14;15;16;20;22;23;25
3288;08/01/2025;1;2;3;4;6;8;9;10;11;12;13;14;18;22;24
3289;09/01/2025;1;2;4;5;7;9;11;13;14;16;19;20;21;22;24
3290;10/01/2025;1;4;7;8;11;12;13;14;15;17;18;19;21;24;25
3291;11/01/2025;1;3;4;5;6;7;10;12;14;15;16;17;18;20;23
3292;13/01/2025;1;3;5;6;8;9;10;12;13;17;18;19;21;24;25
3293;14/01/2025;2;3;7;9;10;11;12;15;16;18;19;20;22;24;25
3294;15/01/2025;1;2;6;9;10;12;13;16;17;18;19;20;22;24;25
3295;16/01/2025;1;2;3;5;7;8;10;11;13;16;17;20;21;22;25
3296;17/01/2025;1;2;5;6;8;10;11;13;15;17;18;19;20;21;22
3297;18/01/2025;5;6;7;9;10;12;13;15;17;20;21;22;23;24;25
3298;20/01/2025;1;3;4;6;7;10;11;15;17;18;19;20;21;22;24
3299;21/01/2025;1;2;3;6;7;9;10;13;14;15;17;20;22;24;25
3300;22/01/2025;2;3;4;5;8;11;12;14;15;16;18;21;22;24;25
3301;23/01/2025;3;4;5;7;8;10;11;14;15;18;19;20;22;24;25
3302;24/01/2025;1;2;3;5;6;8;9;10;11;12;13;15;19;24;25
3303;25/01/2025;2;3;4;5;6;7;8;13;16;18;20;21;22;23;24
3304;27/01/2025;1;3;4;5;7;9;10;11;12;14;15;19;20;21;23
3305;28/01/2025;3;4;5;7;8;9;12;13;17;19;20;21;23;24;25
3306;29/01/2025;4;5;6;8;9;10;11;14;15;17;18;19;21;22;24
3307;30/01/2025;1;5;8;9;10;11;12;16;18;19;21;22;23;24;25
3308;31/01/2025;1;6;7;8;10;11;12;13;14;15;16;18;23;24;25
3309;01/02/2025;2;3;5;9;10;11;13;14;15;18;19;21;22;23;25
3310;03/02/2025;1;2;4;5;6;7;10;12;13;16;18;19;20;21;24
3311;04/02/2025;2;3;4;5;6;9;10;11;12;14;17;19;20;22;24
3312;05/02/2025;1;2;3;4;5;6;8;9;13;15;16;17;20;21;25
3313;06/02/2025;1;4;5;6;7;9;11;13;14;16;17;18;19;20;24
3314;07/02/2025;1;2;3;5;6;7;8;10;13;14;15;17;19;22;25
3315;08/02/2025;2;3;4;6;7;8;9;11;12;14;17;18;21;24;25
3316;10/02/2025;2;3;7;10;11;14;15;16;17;18;20;21;22;23;25
3317;11/02/2025;1;2;3;4;5;6;11;12;13;14;18;20;21;22;25
3318;12/02/2025;1;3;6;9;10;11;12;13;14;15;19;20;22;24;25
3319;13/02/2025;1;4;5;6;7;14;15;16;17;19;20;21;22;23;25
3320;14/02/2025;2;3;4;5;6;8;9;12;15;17;18;19;22;24;25
3321;15/02/2025;2;4;7;8;10;11;12;15;16;17;18;20;22;24;25
3322;17/02/2025;2;3;6;7;8;9;10;11;13;14;15;16;17;22;23
3323;18/02/2025;3;4;5;6;8;9;11;14;16;19;20;21;22;23;24
3324;19/02/2025;2;3;4;6;7;10;11;12;13;14;15;16;20;22;24
3325;20/02/2025;1;3;4;6;7;10;12;14;17;18;20;22;23;24;25
3326;21/02/2025;1;2;3;6;10;11;12;13;15;16;19;20;21;22;23
3327;22/02/2025;2;9;10;11;13;14;15;16;17;19;20;21;22;23;24
3328;24/02/2025;1;2;4;5;6;7;10;13;14;15;17;19;21;22;23
3329;25/02/2025;1;3;4;5;8;11;12;13;15;16;19;22;23;24;25
3330;26/02/2025;1;2;7;9;10;12;13;14;15;18;21;22;23;24;25
3331;27/02/2025;3;5;6;7;8;9;10;11;12;15;17;18;21;23;25
3332;28/02/2025;1;4;5;6;7;8;9;11;15;16;17;18;19;20;21
3333;01/03/2025;1;3;4;5;8;9;11;13;15;19;20;21;22;24;25
3334;05/03/2025;2;3;4;6;8;11;14;15;16;17;19;20;22;23;25
3335;06/03/2025;1;2;3;5;7;8;9;11;12;15;17;18;19;20;25
3336;07/03/2025;1;5;6;7;11;14;15;16;17;19;20;21;22;23;25
3337;08/03/2025;1;3;4;5;7;8;10;11;14;15;16;18;19;23;24
3338;10/03/2025;1;2;4;6;7;9;10;13;14;15;16;18;21;24;25
3339;11/03/2025;3;4;5;9;10;11;12;13;14;16;17;19;21;24;25
3340;12/03/2025;1;3;6;9;11;13;14;15;17;19;21;22;23;24;25
3341;13/03/2025;1;2;4;6;7;8;11;12;13;14;17;19;21;24;25
3342;14/03/2025;1;2;5;7;8;10;12;13;16;17;18;19;20;22;24
3343;15/03/2025;1;2;6;7;9;11;13;15;16;17;19;20;21;22;25
3344;17/03/2025;1;2;4;6;9;10;12;13;14;15;19;21;23;24;25
3345;18/03/2025;1;2;4;9;11;12;13;14;17;18;19;20;21;23;24
3346;19/03/2025;2;4;5;7;8;9;10;11;13;14;16;18;20;23;25
3347;20/03/2025;1;2;3;4;5;6;8;10;11;12;14;16;17;22;24
3348;21/03/2025;2;4;5;7;8;9;10;13;18;20;21;22;23;24;25
3349;22/03/2025;1;3;4;6;9;10;11;12;13;14;17;19;21;23;25
3350;24/03/2025;1;2;7;10;12;13;14;16;18;19;20;21;22;23;25
3351;25/03/2025;1;4;5;8;9;11;13;14;15;16;17;18;19;22;24
3352;26/03/2025;1;2;3;10;11;13;14;15;16;18;19;21;22;23;25
3353;27/03/2025;1;3;5;7;8;12;13;14;16;17;18;20;23;24;25
3354;28/03/2025;1;2;3;5;7;8;9;13;14;15;16;18;20;24;25
3355;29/03/2025;1;2;3;5;8;9;11;12;13;14;18;19;20;22;25
3356;31/03/2025;4;6;7;8;11;14;15;16;17;18;19;20;22;23;24
3357;01/04/2025;1;2;3;5;7;8;9;11;13;14;15;19;20;24;25
3358;02/04/2025;1;2;4;6;7;8;9;10;11;14;15;17;18;19;24
3359;03/04/2025;1;2;7;8;9;11;13;14;16;19;20;22;23;24;25
3360;04/04/2025;1;2;3;4;6;8;9;10;11;16;17;20;21;23;25
3361;05/04/2025;1;2;5;8;9;10;11;13;16;17;18;20;22;23;24
3362;07/04/2025;1;2;3;4;6;10;11;13;14;15;16;21;22;23;24
3363;08/04/2025;3;5;8;9;11;13;15;16;17;18;19;20;22;24;25
3364;09/04/2025;2;6;7;10;11;12;13;14;18;20;21;22;23;24;25
3365;10/04/2025;1;2;4;5;6;8;10;11;12;13;14;15;18;20;23
3366;11/04/2025;2;3;5;6;8;11;14;15;16;18;19;21;22;24;25
3367;12/04/2025;1;2;3;7;8;9;10;13;14;15;16;18;20;21;22
3368;14/04/2025;1;2;4;5;7;9;10;13;14;16;19;21;22;23;25
3369;15/04/2025;1;4;5;6;8;9;10;13;18;19;20;22;23;24;25
3370;16/04/2025;2;5;6;7;8;9;10;11;12;14;17;18;23;24;25
3371;17/04/2025;6;7;8;11;13;15;16;17;18;19;20;21;22;23;24
3372;19/04/2025;1;3;4;7;8;9;11;12;13;15;18;19;20;22;24
3373;22/04/2025;1;3;4;6;10;12;13;14;15;17;19;21;22;23;24
3374;23/04/2025;4;5;6;7;8;10;11;12;14;15;17;18;20;21;24
3375;24/04/2025;1;2;3;7;8;9;12;15;16;20;21;22;23;24;25
3376;25/04/2025;1;2;4;5;7;9;10;11;14;17;18;21;23;24;25
3377;26/04/2025;1;2;3;5;6;7;9;10;11;16;18;19;21;22;25
3378;28/04/2025;1;3;4;6;7;9;12;13;14;15;17;18;19;24;25
3379;29/04/2025;3;5;6;7;9;10;11;12;14;15;17;21;22;24;25
3380;30/04/2025;2;5;6;7;11;12;14;15;16;17;20;21;23;24;25
3381;02/05/2025;7;8;9;10;11;12;14;15;16;17;18;19;20;21;25
3382;03/05/2025;2;3;4;5;8;9;11;13;15;19;21;22;23;24;25
3383;05/05/2025;1;2;3;4;5;6;8;9;10;11;13;14;15;23;24
3384;06/05/2025;2;3;4;8;9;10;11;12;14;15;17;21;22;23;25
3385;07/05/2025;1;2;3;6;7;8;11;13;14;17;18;20;23;24;25
3386;08/05/2025;1;2;3;4;5;8;11;13;15;16;19;20;21;22;23
3387;09/05/2025;1;3;4;6;8;9;10;12;13;14;15;17;22;23;25
3388;10/05/2025;2;3;4;5;6;8;12;14;16;17;18;19;21;22;25
3389;12/05/2025;1;6;7;8;9;10;12;15;17;18;20;21;22;23;24
3390;13/05/2025;1;2;3;4;6;8;12;13;15;16;19;20;21;22;24
3391;14/05/2025;1;4;6;7;10;11;12;14;15;16;17;20;21;23;25
3392;15/05/2025;1;2;3;6;7;8;9;11;13;14;17;18;19;22;24
3393;16/05/2025;1;2;7;8;10;11;12;14;15;17;18;19;23;24;25
3394;17/05/2025;1;2;3;4;5;6;7;9;10;11;16;17;18;19;22
3395;19/05/2025;2;4;5;6;7;8;10;12;16;17;19;20;22;23;24
3396;20/05/2025;1;2;3;4;5;6;7;10;11;12;15;16;17;19;22
3397;21/05/2025;1;3;4;6;7;9;10;11;12;13;17;18;20;22;23
3398;22/05/2025;1;2;3;4;5;7;9;10;12;14;16;17;18;19;24
3399;23/05/2025;1;3;5;6;8;10;13;14;15;16;17;21;23;24;25
3400;24/05/2025;1;3;4;5;7;8;9;11;13;14;16;19;22;23;24
3401;26/05/2025;2;3;4;5;6;8;9;12;15;16;17;18;20;21;25
3402;27/05/2025;1;2;4;7;9;10;11;13;14;15;18;19;20;24;25
3403;28/05/2025;1;2;4;7;8;9;11;12;13;15;18;19;21;22;25
3404;29/05/2025;2;3;4;5;7;8;11;12;13;16;17;19;21;22;25
3405;30/05/2025;2;6;7;11;12;13;14;15;16;17;18;20;22;23;25
3406;31/05/2025;1;3;5;6;7;9;10;13;14;17;19;21;22;23;25
3407;02/06/2025;3;6;7;8;9;11;12;13;14;15;16;17;19;20;25
3408;03/06/2025;2;3;6;7;9;10;11;13;14;15;18;19;20;24;25
3409;04/06/2025;1;2;4;5;6;9;10;11;12;13;14;16;21;22;23
3410;05/06/2025;1;4;5;7;8;9;10;11;12;13;14;16;18;23;24
3411;06/06/2025;1;2;5;6;10;13;14;15;16;18;20;22;23;24;25
3412;07/06/2025;3;4;6;7;11;12;13;14;16;17;19;21;22;23;24
3413;09/06/2025;1;2;3;4;9;11;12;13;16;18;19;20;22;23;25
3414;10/06/2025;1;2;4;5;6;10;12;13;14;16;18;21;22;24;25
3415;11/06/2025;1;2;4;6;7;10;11;13;14;15;16;17;18;21;25
3416;12/06/2025;2;3;4;5;7;10;11;12;13;14;17;19;20;21;24
3417;13/06/2025;3;4;6;7;8;9;10;11;12;13;15;17;22;24;25
3418;14/06/2025;2;3;4;5;6;7;8;10;12;13;16;20;21;23;24
3419;16/06/2025;1;2;3;4;6;7;9;10;12;13;15;17;19;20;25
3420;17/06/2025;3;5;6;7;11;14;15;16;17;18;19;21;22;23;25
3421;18/06/2025;1;2;3;6;9;12;14;15;16;17;20;21;22;23;24
3422;20/06/2025;1;2;3;4;5;6;7;11;14;16;17;21;22;23;24
3423;21/06/2025;1;2;3;4;8;11;12;14;15;17;18;19;20;22;23
3424;23/06/2025;3;6;8;11;13;16;17;18;19;20;21;22;23;24;25
3425;24/06/2025;4;5;6;7;8;9;10;11;13;15;16;17;21;24;25
3426;25/06/2025;1;4;5;6;8;10;11;12;13;15;16;17;18;20;21
3427;26/06/2025;1;2;6;7;9;10;11;15;17;18;19;20;21;22;24
3428;27/06/2025;3;5;7;11;12;13;14;15;16;19;20;22;23;24;25
3429;28/06/2025;1;2;3;5;7;8;9;14;15;16;17;19;20;21;24
3430;30/06/2025;2;5;7;9;10;12;16;17;18;20;21;22;23;24;25
3431;01/07/2025;2;3;4;6;7;9;11;12;14;16;17;18;19;21;24
3432;02/07/2025;4;9;11;12;13;14;15;16;17;18;19;20;21;23;24
3433;03/07/2025;1;2;3;6;9;11;12;13;16;17;18;19;21;23;24
3434;04/07/2025;2;4;5;7;8;10;13;15;16;18;19;20;21;23;24
3435;05/07/2025;1;3;6;10;11;12;13;14;16;18;21;22;23;24;25
3436;07/07/2025;1;2;3;6;8;11;13;14;15;16;17;20;22;23;25
3437;08/07/2025;1;5;6;8;9;11;12;14;15;17;19;20;22;24;25
3438;09/07/2025;2;4;8;9;10;11;12;13;15;16;17;18;19;23;24
3439;10/07/2025;2;3;4;5;6;7;9;10;11;12;14;15;16;22;23
3440;11/07/2025;1;3;4;6;7;8;9;12;13;15;16;17;18;21;25
3441;12/07/2025;1;2;3;4;5;11;14;16;18;20;21;22;23;24;25
3442;14/07/2025;1;3;5;6;7;9;10;13;15;16;18;19;21;23;25
3443;15/07/2025;1;4;5;6;8;10;11;12;13;15;16;19;20;24;25
3444;16/07/2025;2;3;6;7;9;11;12;13;16;17;19;21;22;24;25
3445;17/07/2025;1;2;4;5;6;9;11;12;14;18;19;20;21;22;25
3446;18/07/2025;3;4;5;7;9;10;12;13;16;19;21;22;23;24;25
3447;19/07/2025;2;3;6;7;11;12;13;14;17;18;19;20;21;22;23
3448;21/07/2025;1;3;5;7;9;10;11;12;14;16;17;20;21;23;25
3449;22/07/2025;1;4;7;8;11;13;15;16;18;20;21;22;23;24;25
3450;23/07/2025;1;2;4;5;6;7;11;12;13;14;15;18;23;24;25
3451;24/07/2025;1;2;6;7;8;9;14;15;17;18;20;21;22;24;25
3452;25/07/2025;1;4;5;8;9;11;12;13;15;16;18;19;20;21;25
3453;26/07/2025;2;3;4;5;7;9;10;11;12;13;19;21;23;24;25
3454;28/07/2025;2;3;4;7;9;10;11;13;14;15;17;18;20;22;24
3455;29/07/2025;1;2;3;5;6;9;10;13;15;17;19;21;22;23;25
3456;30/07/2025;1;2;3;5;6;7;11;12;13;15;16;19;22;23;25
3457;31/07/2025;1;2;4;6;9;10;11;12;16;17;18;20;22;23;25
3458;01/08/2025;2;3;4;5;7;8;9;10;11;14;16;18;20;23;25
3459;02/08/2025;1;3;5;6;7;12;14;15;17;18;19;20;22;23;25
3460;04/08/2025;1;2;3;4;6;8;11;12;16;17;18;19;22;23;25
3461;05/08/2025;2;3;4;5;6;8;9;10;11;13;18;19;21;23;25
3462;06/08/2025;1;2;9;10;13;14;15;16;17;18;19;20;22;24;25
3463;07/08/2025;1;2;4;6;7;8;11;14;15;16;17;18;19;21;22
3464;08/08/2025;1;3;4;6;11;13;14;15;16;17;18;20;21;22;25
3465;09/08/2025;1;4;5;6;9;10;11;12;14;15;17;18;21;22;24
3466;11/08/2025;1;5;6;7;9;10;12;15;17;18;19;21;23;24;25
3467;12/08/2025;3;4;5;6;7;8;9;13;14;16;18;19;20;21;25
3468;13/08/2025;1;3;4;6;9;10;12;13;14;18;19;21;23;24;25
3469;14/08/2025;1;3;5;6;7;8;11;12;13;15;17;18;21;22;24
3470;15/08/2025;1;4;5;7;8;10;12;13;14;18;20;21;22;23;24
3471;16/08/2025;1;2;3;5;6;11;13;16;17;19;21;22;23;24;25
3472;18/08/2025;2;3;5;7;10;11;12;13;15;18;19;21;23;24;25
3473;19/08/2025;2;3;4;5;6;7;9;12;13;14;17;18;19;23;25
3474;20/08/2025;1;4;6;8;9;10;12;13;14;15;18;19;20;21;25
3475;21/08/2025;1;3;4;5;6;11;14;15;18;20;21;22;23;24;25
3476;22/08/2025;3;5;6;7;8;10;12;15;16;17;19;20;23;24;25
3477;23/08/2025;2;3;5;6;8;12;15;16;17;18;20;21;23;24;25
3478;25/08/2025;1;4;5;6;7;8;9;10;12;14;15;17;21;22;24
3479;26/08/2025;1;5;6;8;9;10;12;13;15;16;18;19;23;24;25
3480;06/09/2025;3;5;6;8;9;12;13;14;15;16;17;20;21;22;23
3481;08/09/2025;1;2;3;4;5;7;9;10;13;14;19;21;22;23;24
3482;09/09/2025;1;2;4;5;9;10;13;14;15;17;19;20;22;24;25
3483;10/09/2025;2;4;7;8;9;12;13;14;15;17;18;20;22;24;25
3484;11/09/2025;1;3;4;5;7;8;9;11;13;14;15;17;23;24;25
3485;12/09/2025;2;3;4;5;6;9;10;11;12;13;15;18;20;22;25
3486;13/09/2025;2;6;7;8;9;10;11;12;16;17;18;19;22;24;25
3487;15/09/2025;2;4;5;7;10;12;13;15;16;17;18;19;21;22;23
3488;16/09/2025;1;3;4;5;6;8;9;11;12;13;14;15;17;22;25
3489;17/09/2025;1;2;5;8;9;11;14;16;17;20;21;22;23;24;25
3490;18/09/2025;2;3;4;7;8;11;13;14;15;16;18;19;21;23;25
3491;19/09/2025;1;2;4;8;9;10;12;13;15;17;21;22;23;24;25
3492;20/09/2025;2;3;4;8;9;10;13;17;18;19;20;21;22;23;25
3493;22/09/2025;2;3;4;5;6;10;11;13;15;16;19;20;21;23;24
3494;23/09/2025;1;4;9;10;11;12;14;15;16;17;19;21;22;24;25
3495;24/09/2025;2;3;6;8;9;11;12;15;16;18;19;20;22;23;25
3496;25/09/2025;1;4;5;8;9;11;13;14;15;16;17;18;20;23;24
3497;26/09/2025;1;2;3;4;6;10;11;12;13;14;15;18;19;21;25
3498;27/09/2025;1;2;3;4;5;7;8;9;15;16;17;19;21;22;24
3499;29/09/2025;1;5;7;9;10;11;12;13;14;17;18;19;23;24;25
3500;30/09/2025;1;2;4;5;6;7;9;10;11;12;14;16;18;19;21
3501;01/10/2025;1;3;7;9;11;12;13;15;16;18;19;20;21;22;24
3502;02/10/2025;4;5;6;7;8;9;14;15;16;17;18;19;20;21;25
3503;03/10/2025;1;4;6;7;8;10;11;12;14;15;16;18;21;24;25
3504;04/10/2025;1;2;4;6;7;9;10;12;15;16;17;21;22;23;25
3505;06/10/2025;1;2;3;4;6;7;8;9;11;14;16;20;21;23;25
3506;07/10/2025;3;4;5;6;8;11;12;13;16;17;18;22;23;24;25
3507;08/10/2025;2;3;4;7;9;10;11;12;17;18;19;21;22;24;25
3508;09/10/2025;1;3;4;5;6;8;11;13;14;16;17;20;21;22;24
3509;10/10/2025;1;3;4;7;9;10;12;14;15;16;19;21;22;24;25
3510;11/10/2025;1;2;3;4;5;6;7;8;13;14;15;17;21;22;23
3511;13/10/2025;2;3;5;6;7;8;9;12;13;14;15;19;20;23;24
3512;14/10/2025;1;2;3;4;5;6;9;12;13;14;15;17;19;20;22
3513;15/10/2025;3;4;5;6;7;11;13;14;15;16;18;20;22;23;24
3514;16/10/2025;1;3;4;5;6;8;10;12;13;16;17;20;21;23;24
3515;17/10/2025;1;2;3;4;5;6;7;9;14;15;16;17;21;23;24
3516;18/10/2025;2;3;6;11;12;13;14;15;17;18;19;20;21;23;25
3517;20/10/2025;1;2;3;7;8;11;12;14;17;18;19;20;21;22;24
3518;21/10/2025;2;5;6;7;11;12;13;14;16;17;19;21;22;24;25
3519;22/10/2025;4;5;6;7;8;13;14;16;17;18;20;21;22;23;25
3520;23/10/2025;1;3;7;8;10;12;13;15;16;18;19;20;21;22;23
3521;24/10/2025;6;7;8;9;10;11;12;13;14;15;19;20;21;22;23
3522;25/10/2025;1;2;4;5;7;8;10;11;12;14;15;17;20;22;24
3523;27/10/2025;5;6;8;9;10;11;12;14;15;16;17;19;23;24;25
3524;28/10/2025;2;3;4;5;7;9;12;13;14;15;16;17;18;22;24
3525;29/10/2025;1;2;3;7;10;11;14;15;16;17;18;20;21;23;24
3526;30/10/2025;1;3;7;8;10;12;14;15;17;18;19;20;21;22;23
3527;31/10/2025;2;3;4;6;7;9;13;14;15;16;17;19;20;23;24
3528;01/11/2025;1;3;5;6;7;9;10;16;18;19;20;22;23;24;25
3529;03/11/2025;1;7;8;10;11;12;14;15;16;17;18;19;20;22;24
3530;04/11/2025;1;2;3;5;7;11;12;13;15;16;20;22;23;24;25
3531;05/11/2025;1;3;4;5;7;8;10;11;12;14;15;16;18;19;22
3532;06/11/2025;2;3;4;5;6;7;8;10;11;12;14;15;17;23;25
3533;07/11/2025;1;3;5;6;8;11;12;13;14;15;19;20;22;23;25
3534;08/11/2025;1;3;7;9;11;12;13;14;15;16;17;19;20;21;22
3535;10/11/2025;2;3;6;7;8;9;11;13;18;19;20;21;22;24;25
3536;11/11/2025;1;3;4;6;7;8;9;10;11;15;16;17;18;22;24
3537;12/11/2025;1;2;3;4;7;9;10;12;15;19;20;21;22;24;25
3538;13/11/2025;2;3;5;8;9;10;13;14;17;19;20;21;22;24;25
3539;14/11/2025;1;2;7;8;9;11;12;13;14;16;18;19;20;23;24
3540;17/11/2025;1;2;3;5;6;9;10;13;14;15;16;18;22;23;25
3541;18/11/2025;1;2;3;4;6;8;13;14;16;17;18;19;21;23;25
3542;19/11/2025;1;2;5;8;11;12;13;15;18;19;21;22;23;24;25
3543;21/11/2025;1;4;5;6;7;8;9;14;15;16;17;20;21;22;25
3544;22/11/2025;1;4;5;6;8;10;11;12;15;17;20;21;22;23;25
3545;24/11/2025;1;4;5;6;7;8;11;12;14;17;19;20;21;22;25
3546;25/11/2025;2;3;5;7;8;11;12;13;18;19;20;22;23;24;25
3547;26/11/2025;2;5;6;7;9;10;14;15;17;18;19;20;21;24;25
3548;27/11/2025;4;8;9;10;11;12;13;15;16;17;19;21;23;24;25
3549;28/11/2025;2;5;7;8;9;11;12;14;17;20;21;22;23;24;25
3550;29/11/2025;1;4;6;7;8;12;13;15;16;18;19;20;22;23;24
3551;01/12/2025;1;2;3;7;8;10;11;12;15;16;17;19;21;22;25
3552;02/12/2025;4;5;6;7;11;12;14;15;16;17;18;20;21;23;25
3553;03/12/2025;1;2;3;7;8;9;12;13;16;17;19;21;22;23;24
3554;04/12/2025;1;3;4;5;8;9;11;12;14;15;16;18;22;23;25
3555;05/12/2025;1;2;3;4;7;8;10;13;14;15;18;19;20;23;24
3556;06/12/2025;1;2;3;4;5;7;9;10;12;14;16;17;19;21;23
3557;08/12/2025;5;6;7;9;10;13;14;15;16;17;19;20;21;22;24
3558;09/12/2025;2;3;4;7;9;12;13;14;15;18;20;22;23;24;25
3559;10/12/2025;1;2;6;8;9;10;11;13;14;15;16;19;20;24;25
3560;11/12/2025;1;3;4;6;7;8;10;11;12;13;17;18;19;23;24
3561;12/12/2025;1;2;4;5;6;7;8;10;15;16;17;18;20;21;25
3562;13/12/2025;3;5;6;7;9;10;11;12;13;14;15;19;22;23;25
3563;15/12/2025;1;3;4;9;10;11;12;13;15;17;19;20;21;23;25
3564;16/12/2025;5;6;7;8;9;11;12;13;14;19;20;21;23;24;25
3565;17/12/2025;1;4;10;11;13;16;17;18;19;20;21;22;23;24;25
3566;18/12/2025;1;2;4;7;8;12;13;14;15;17;20;21;22;23;24
3567;19/12/2025;1;2;4;8;9;10;11;12;14;15;18;19;20;24;25
3568;20/12/2025;1;2;4;5;6;7;8;10;11;13;18;19;20;22;24
3569;22/12/2025;1;2;3;4;5;6;8;10;14;15;17;18;19;20;24
3570;23/12/2025;1;2;3;5;6;10;11;13;15;18;19;20;21;22;24
3571;24/12/2025;2;3;4;5;6;8;11;12;13;14;17;20;22;24;25
3572;26/12/2025;1;2;4;5;7;10;12;14;15;16;17;18;19;22;24
3573;27/12/2025;1;2;7;8;10;11;12;14;15;16;17;20;22;23;25
3574;29/12/2025;1;3;4;5;6;8;12;13;15;16;17;18;20;21;25
3575;30/12/2025;2;4;5;7;8;9;10;12;13;14;15;17;21;22;25
3576;01/01/2026;1;2;3;5;7;8;10;13;16;18;19;21;22;23;25
3577;02/01/2026;1;2;4;5;6;8;9;10;12;16;18;20;23;24;25
3578;03/01/2026;2;3;4;5;6;7;9;10;14;17;19;20;22;23;24
3579;05/01/2026;1;2;3;4;8;10;11;13;15;17;19;20;21;23;25
3580;06/01/2026;1;4;5;6;8;9;12;13;15;16;19;20;21;23;25
3581;07/01/2026;2;3;4;5;6;7;8;10;12;15;16;17;20;22;24
3582;08/01/2026;2;5;6;7;8;9;10;11;12;13;16;18;23;24;25
3583;09/01/2026;2;3;4;6;9;10;12;13;14;15;21;22;23;24;25
3584;10/01/2026;1;2;4;7;8;9;13;15;16;17;18;20;21;23;25
3585;12/01/2026;1;2;4;8;9;10;13;16;17;19;20;21;22;23;25
3586;13/01/2026;1;2;6;10;11;12;13;14;15;17;18;21;22;24;25
3587;14/01/2026;1;2;4;8;9;10;11;12;13;16;17;18;19;20;22
3588;15/01/2026;3;5;7;8;9;11;14;15;16;17;19;21;22;23;24
3589;16/01/2026;1;2;3;4;8;10;11;12;15;18;19;21;22;24;25
3590;17/01/2026;4;6;8;10;11;12;13;15;16;17;19;20;21;22;23
3591;19/01/2026;1;2;3;4;6;7;10;11;13;14;15;17;18;19;20
3592;20/01/2026;1;4;5;6;7;9;12;13;17;18;20;21;22;23;25
3593;21/01/2026;1;3;4;6;7;8;9;10;12;15;18;19;23;24;25
3594;22/01/2026;1;2;4;5;7;8;9;11;14;15;18;20;21;23;24
3595;23/01/2026;1;2;4;5;6;8;10;12;13;15;16;20;21;22;25
3596;24/01/2026;1;2;3;4;5;6;7;8;14;15;16;18;20;21;22
3597;26/01/2026;1;4;5;7;10;11;13;14;15;16;19;20;21;23;25
3598;27/01/2026;1;3;4;5;6;7;8;9;11;16;18;21;22;23;24
3599;28/01/2026;1;4;6;7;8;9;11;12;13;16;19;20;21;23;24
3600;29/01/2026;3;4;5;6;7;8;9;11;12;16;17;20;21;22;25
3601;30/01/2026;2;3;4;6;7;8;9;11;16;17;20;21;23;24;25
3602;31/01/2026;1;2;3;4;5;6;8;9;15;18;19;20;22;23;24
3603;02/02/2026;2;4;5;9;10;11;12;14;15;17;19;20;21;22;24
3604;03/02/2026;1;2;3;6;7;8;11;13;15;16;19;21;22;23;24
3605;04/02/2026;1;3;4;7;10;12;13;14;19;20;21;22;23;24;25
3606;05/02/2026;2;3;6;7;9;11;12;14;15;17;19;20;21;23;24
3607;06/02/2026;1;2;4;5;6;8;9;13;14;15;16;18;19;20;23
3608;07/02/2026;2;5;6;8;9;11;14;16;17;18;19;20;22;23;25
3609;09/02/2026;2;5;6;8;9;10;11;12;13;17;19;20;22;24;25
3610;10/02/2026;1;3;5;7;8;10;13;14;17;20;21;22;23;24;25
3611;11/02/2026;1;2;3;4;5;6;10;11;12;14;15;17;18;19;25
3612;12/02/2026;4;6;8;9;11;14;15;16;17;18;19;20;21;22;25
3613;13/02/2026;1;3;4;7;9;10;11;12;15;16;18;20;21;22;23
3614;14/02/2026;2;4;5;6;9;10;11;12;14;15;16;17;20;23;25
3615;18/02/2026;2;3;6;7;8;9;10;11;14;15;17;18;21;23;25
3616;19/02/2026;1;4;5;6;10;11;13;14;16;18;19;20;21;23;24
3617;20/02/2026;2;4;7;8;10;11;12;13;16;19;20;21;22;23;25
3618;21/02/2026;1;3;4;5;9;10;11;12;14;15;20;21;22;23;24
3619;23/02/2026;1;2;7;8;10;11;13;14;16;18;19;20;23;24;25
3620;24/02/2026;1;2;4;7;9;11;12;15;16;18;19;20;21;24;25
3621;25/02/2026;1;2;4;6;7;9;10;11;13;15;18;22;23;24;25
3622;26/02/2026;2;3;6;7;9;10;11;12;14;15;16;18;19;20;21
3623;27/02/2026;2;4;6;7;9;10;11;12;13;14;16;19;20;22;24
3624;28/02/2026;1;2;4;5;6;9;11;12;13;16;18;22;23;24;25
3625;02/03/2026;1;4;8;9;10;13;15;16;17;18;19;21;23;24;25
3626;03/03/2026;1;2;3;6;7;9;10;13;15;16;17;18;20;21;25
3627;04/03/2026;1;2;6;7;8;9;10;12;13;14;15;16;17;19;21
3628;05/03/2026;2;3;4;6;9;10;13;15;16;17;20;21;23;24;25
3629;06/03/2026;1;4;7;13;14;15;16;17;19;20;21;22;23;24;25
3630;07/03/2026;2;3;4;5;6;7;8;11;12;14;15;17;19;23;24
3631;09/03/2026;4;7;8;9;12;13;14;15;16;17;19;20;21;23;25
3632;10/03/2026;1;2;3;5;6;9;10;15;17;19;20;21;22;23;25
3633;11/03/2026;1;5;6;7;10;11;13;17;18;20;21;22;23;24;25
3634;12/03/2026;3;4;5;6;7;8;10;11;13;14;16;18;19;21;25
3635;13/03/2026;1;2;3;5;11;12;14;15;16;19;20;22;23;24;25
3636;14/03/2026;1;2;3;4;5;6;12;13;15;16;17;18;22;24;25
3637;16/03/2026;3;4;6;7;8;9;10;11;12;16;17;20;21;22;25
3638;17/03/2026;2;3;6;7;8;10;11;13;15;18;19;20;22;24;25
3639;18/03/2026;1;3;4;5;6;7;9;10;11;12;13;15;18;23;25
3640;19/03/2026;1;4;6;7;9;10;11;13;14;15;16;18;19;22;24
3641;20/03/2026;1;2;3;5;6;9;10;13;14;16;19;20;21;22;25
3642;21/03/2026;1;2;4;5;6;7;9;10;12;13;14;18;20;23;25
3643;23/03/2026;3;4;5;6;8;9;10;13;17;19;20;22;23;24;25
3644;24/03/2026;1;4;5;9;10;11;13;14;19;20;21;22;23;24;25
3645;25/03/2026;1;3;6;7;8;9;10;12;13;15;17;18;19;21;25
3646;26/03/2026;1;3;5;7;8;11;13;15;16;18;19;20;23;24;25
3647;27/03/2026;2;4;5;8;10;12;15;16;17;19;20;21;22;24;25
3648;28/03/2026;1;2;5;7;8;9;10;11;13;14;15;18;19;20;22
3649;30/03/2026;6;8;9;10;11;12;13;14;15;17;18;20;21;24;25
3650;31/03/2026;2;5;6;7;8;10;11;12;13;16;17;20;21;22;25
3651;01/04/2026;2;3;5;8;10;12;13;14;16;17;18;20;21;24;25
3652;02/04/2026;1;3;6;7;11;12;13;15;16;18;19;20;21;23;24
3653;04/04/2026;2;3;4;6;7;8;10;11;13;14;16;18;19;20;21
3654;06/04/2026;1;2;3;4;6;7;11;15;17;19;20;22;23;24;25
3655;07/04/2026;1;2;4;5;6;10;11;12;17;18;19;21;22;23;24
3656;08/04/2026;3;4;6;7;8;11;12;14;15;18;19;20;21;24;25
3657;09/04/2026;1;2;4;7;8;10;12;13;17;18;19;20;22;23;24
3658;10/04/2026;2;3;4;5;9;10;11;12;13;16;18;20;22;23;24
3659;11/04/2026;3;5;6;7;8;9;10;11;13;14;15;16;17;23;25
3660;13/04/2026;1;2;5;6;7;8;10;11;12;14;17;18;22;23;24
3661;14/04/2026;2;3;4;5;6;7;8;10;12;14;15;19;21;23;24
3662;15/04/2026;4;5;6;7;8;9;10;11;12;13;15;18;20;23;25
3663;16/04/2026;1;3;4;5;6;10;12;14;17;19;20;22;23;24;25
3664;17/04/2026;1;2;4;5;6;7;10;11;12;16;18;19;20;22;23
3665;18/04/2026;1;2;3;5;6;7;9;10;11;13;16;18;22;23;25
3666;20/04/2026;1;4;6;7;9;12;14;15;16;17;19;20;21;22;23
3667;22/04/2026;1;3;4;5;6;7;9;11;14;15;19;21;22;23;25
3668;23/04/2026;1;2;3;5;7;8;9;10;11;13;15;17;18;21;24
3669;24/04/2026;2;3;4;5;8;9;10;11;12;15;16;17;22;23;24
3670;25/04/2026;1;2;3;5;6;10;11;14;15;17;18;19;21;23;24
3671;27/04/2026;1;3;4;5;6;7;9;10;12;13;15;16;17;18;21
3672;28/04/2026;1;3;5;7;9;10;11;12;13;14;16;20;23;24;25
3673;29/04/2026;1;3;4;8;10;11;12;15;16;18;19;20;21;22;25
3674;30/04/2026;2;6;7;8;9;10;15;17;19;20;21;22;23;24;25
3675;02/05/2026;2;3;4;5;7;8;10;12;13;15;17;18;19;23;24
3676;04/05/2026;4;5;6;8;10;13;15;16;18;19;21;22;23;24;25
3677;05/05/2026;1;2;3;8;9;10;12;13;14;15;16;18;22;23;24
3678;06/05/2026;1;2;3;4;5;6;8;10;11;14;18;20;23;24;25
3679;07/05/2026;1;2;3;7;8;10;11;13;14;17;18;21;22;23;24
3680;08/05/2026;1;2;3;4;5;7;8;9;11;15;16;19;22;24;25
3681;09/05/2026;1;2;4;5;7;9;11;12;14;15;16;20;21;22;25
3682;11/05/2026;1;2;4;5;7;9;10;11;12;13;17;18;21;22;24
3683;12/05/2026;2;3;5;7;8;9;10;11;12;14;16;19;20;24;25
3684;13/05/2026;1;3;5;6;9;10;11;12;13;17;18;19;20;21;23
3685;14/05/2026;1;2;4;8;10;11;14;15;17;19;20;21;23;24;25
3686;15/05/2026;1;2;4;5;6;8;9;10;13;15;18;19;23;24;25
3687;16/05/2026;3;4;5;6;12;13;14;16;17;18;20;21;23;24;25
3688;18/05/2026;1;2;3;4;5;6;7;11;12;16;17;19;21;24;25
3689;19/05/2026;3;5;7;8;10;11;12;13;14;15;16;18;19;20;23
3690;20/05/2026;2;5;6;7;8;9;12;15;18;19;20;21;22;24;25
3691;21/05/2026;2;3;5;8;9;10;13;14;15;18;19;21;23;24;25
3692;22/05/2026;2;3;5;6;7;9;10;13;14;15;19;20;23;24;25
3693;23/05/2026;1;4;6;7;9;10;11;13;14;16;17;18;20;21;25
3694;25/05/2026;2;4;5;7;8;9;13;14;17;18;19;20;22;23;24
3695;26/05/2026;1;2;3;4;6;8;9;13;15;17;18;21;22;23;24
3696;27/05/2026;2;3;5;6;7;9;11;13;15;16;17;19;21;23;24
3697;28/05/2026;1;5;6;7;9;10;13;15;17;18;19;20;21;24;25
3698;29/05/2026;1;3;5;6;7;8;9;10;12;13;16;18;20;21;23
3699;30/05/2026;1;2;3;5;6;8;9;11;14;18;20;21;22;24;25
3700;01/06/2026;1;3;7;8;9;10;12;13;14;17;18;19;20;23;25
3701;02/06/2026;1;2;4;7;8;9;10;12;13;14;17;22;23;24;25
3702;03/06/2026;2;3;5;9;13;14;15;16;17;18;20;21;22;23;25
3703;05/06/2026;1;3;5;7;8;9;10;14;15;17;21;22;23;24;25
3704;06/06/2026;1;3;4;9;10;11;12;13;14;15;19;20;22;23;25
3705;08/06/2026;1;3;4;6;8;10;14;15;16;18;20;21;22;24;25
3706;09/06/2026;1;4;6;8;9;10;12;14;15;16;18;21;22;24;25
3707;10/06/2026;1;2;3;7;8;9;10;13;14;18;20;21;22;23;24
3708;11/06/2026;1;2;4;5;6;8;9;12;16;17;18;19;21;23;24
3709;12/06/2026;1;4;6;7;9;10;11;14;15;18;19;20;23;24;25
3710;14/06/2026;1;2;3;4;5;6;9;12;13;14;15;16;17;18;25
3711;15/06/2026;1;5;6;8;9;10;12;13;15;16;17;20;22;24;25
3712;16/06/2026;1;3;4;6;13;14;15;16;18;19;20;21;22;23;25
3713;17/06/2026;2;4;5;6;7;8;9;11;12;13;14;15;19;20;22
3714;18/06/2026;3;4;5;6;9;10;11;12;13;14;15;16;18;19;21
3715;20/06/2026;3;5;6;9;11;12;14;16;18;20;21;22;23;24;25
3716;20/06/2026;1;2;4;5;7;11;12;15;17;18;21;22;23;24;25
3717;22/06/2026;1;2;4;5;6;7;9;10;11;14;15;17;18;20;25
3718;23/06/2026;1;5;7;9;11;12;14;16;17;18;19;20;21;22;25
3719;25/06/2026;2;3;4;8;10;11;12;14;15;18;19;21;22;23;25
3720;26/06/2026;1;5;7;8;9;10;11;13;15;16;17;18;20;22;24
3721;27/06/2026;1;3;4;5;7;8;10;11;12;14;15;20;21;23;24
3722;29/06/2026;2;3;5;6;9;10;11;12;13;14;15;17;19;20;23
3723;30/06/2026;2;4;5;6;7;10;12;15;17;18;19;20;22;23;25
3724;01/07/2026;1;2;3;5;6;7;12;15;16;17;19;21;22;24;25
3725;02/07/2026;1;2;4;5;6;8;11;13;14;16;17;19;21;24;25
3726;03/07/2026;2;5;6;7;10;13;14;17;18;19;20;21;22;24;25
3727;04/07/2026;1;2;3;4;5;9;10;11;13;14;16;18;19;22;23
3728;06/07/2026;1;2;3;6;7;8;10;11;16;17;19;21;22;23;25
3729;07/07/2026;1;2;3;5;6;11;12;13;14;15;16;18;20;21;22
3730;08/07/2026;2;3;5;6;8;11;12;13;14;15;16;19;20;21;24
3731;09/07/2026;1;2;4;5;6;7;10;11;12;13;16;17;22;23;25
3732;10/07/2026;2;3;7;8;11;13;16;17;18;19;20;22;23;24;25
3733;11/07/2026;1;2;3;5;7;10;11;12;13;14;16;17;19;22;25
3734;13/07/2026;2;3;5;8;10;12;13;14;15;16;17;19;22;23;25
3735;14/07/2026;3;5;7;12;14;15;16;17;18;20;21;22;23;24;25
3736;15/07/2026;3;4;6;7;8;9;11;12;14;17;18;19;21;22;23
3737;16/07/2026;2;3;5;6;8;9;11;12;13;14;15;17;22;23;25
3738;17/07/2026;2;3;4;5;7;8;10;11;13;14;17;18;20;23;24
3739;19/07/2026;1;4;5;6;9;11;13;15;16;18;19;20;23;24;25
3740;20/07/2026;1;2;5;6;8;9;11;12;13;15;16;17;20;21;22
3741;21/07/2026;2;3;4;5;9;11;12;14;15;16;18;20;21;22;23
3742;22/07/2026;1;4;5;6;9;10;12;13;14;15;16;19;20;21;23
3743;23/07/2026;2;3;4;5;9;10;11;13;15;18;19;20;21;23;25
3744;24/07/2026;1;2;3;5;7;10;14;16;17;18;20;21;22;23;24
3745;26/07/2026;1;2;4;5;6;7;8;9;10;12;13;19;21;22;24
3746;27/07/2026;1;3;4;6;7;8;9;10;14;15;17;18;21;22;24
3747;28/07/2026;1;2;4;5;6;8;9;11;12;13;18;19;21;24;25
3748;29/07/2026;1;4;5;6;8;9;11;13;14;15;17;19;20;22;25
3749;30/07/2026;1;2;3;7;8;9;11;12;14;17;19;21;23;24;25
3750;31/07/2026;1;2;5;6;7;11;12;13;15;18;19;20;22;24;25
3751;02/08/2026;1;2;4;7;8;9;11;12;16;17;18;19;21;23;24
3752;03/08/2026;2;3;6;7;9;10;11;12;13;14;15;16;17;21;24
3753;04/08/2026;1;2;4;6;8;9;14;15;16;17;19;21;22;24;25
3754;05/08/2026;1;3;4;5;7;8;11;12;13;14;16;20;21;23;25
3755;06/08/2026;3;4;5;7;8;9;11;12;16;18;20;22;23;24;25
3756;07/08/2026;2;3;5;6;9;10;11;13;14;15;16;19;20;21;22
3757;09/08/2026;1;2;3;4;6;8;11;12;15;17;20;21;22;23;24
3758;10/08/2026;1;3;4;5;8;9;11;12;13;14;17;18;20;24;25
3759;11/08/2026;1;2;4;5;6;7;9;10;11;12;13;14;17;24;25
3760;12/08/2026;2;4;5;8;9;10;11;13;14;16;19;21;22;24;25
3761;13/08/2026;1;3;6;9;12;13;14;15;16;17;18;21;23;24;25
3762;14/08/2026;1;2;3;4;5;6;9;10;13;16;18;21;22;23;25
3763;16/08/2026;1;2;3;4;5;8;9;14;15;17;20;21;22;23;24
3764;17/08/2026;2;3;4;5;6;7;8;9;12;13;15;18;21;22;25
3765;18/08/2026;1;5;6;10;11;12;13;15;16;17;19;21;22;24;25
3766;19/08/2026;1;2;3;5;8;9;11;13;14;16;17;19;21;23;24
3767;20/08/2026;2;4;6;7;9;10;11;13;14;15;16;20;21;22;23
3768;21/08/2026;2;3;4;5;6;7;10;11;12;14;15;17;20;23;24
3769;23/08/2026;1;2;3;4;5;9;10;11;15;16;17;21;23;24;25
3770;24/08/2026;1;2;4;7;8;12;13;15;16;17;18;19;23;24;25
3771;25/08/2026;2;3;4;5;9;10;11;12;15;16;17;18;21;23;25
3772;26/08/2026;3;5;6;7;8;9;11;12;14;15;18;20;21;23;25
3773;27/08/2026;3;4;7;9;11;13;14;15;17;18;20;21;22;24;25
3774;28/08/2026;1;3;4;5;6;7;9;12;14;15;16;18;19;23;24
3775;30/08/2026;1;4;5;6;8;10;11;12;13;15;17;18;19;23;25
3776;31/08/2026;3;5;7;8;10;14;16;17;18;19;20;21;23;24;25
3777;01/09/2026;3;5;7;8;9;10;12;13;15;19;20;21;22;24;25
3778;02/09/2026;1;2;3;5;6;8;9;10;13;14;16;17;18;20;22
3779;03/09/2026;3;4;5;7;8;10;11;13;14;16;17;19;23;24;25
